id,polarity
1,positive
2,neutral
3,negative
4,neutral
5,positive
6,neutral
7,positive
8,neutral
9,positive
10,neutral
11,neutral
12,positive
13,positive
14,positive
15,neutral
16,negative
17,positive
18,positive
19,neutral
20,neutral
21,neutral
22,neutral
23,neutral
24,neutral
25,neutral
26,neutral
27,positive
28,neutral
29,positive
30,positive
31,positive
32,positive
33,neutral
34,neutral
35,positive
36,neutral
37,neutral
38,neutral
39,positive
40,neutral
41,positive
42,positive
43,positive
44,neutral
45,positive
46,negative
47,neutral
48,positive
49,positive
50,positive
51,positive
52,neutral
53,neutral
54,positive
55,neutral
56,positive
57,positive
58,neutral
59,neutral
60,positive
61,neutral
62,neutral
63,positive
64,positive
65,neutral
66,neutral
67,neutral
68,positive
69,negative
70,positive
71,negative
72,neutral
73,neutral
74,positive
75,negative
76,positive
77,neutral
78,neutral
79,negative
80,negative
81,neutral
82,neutral
83,positive
84,positive
85,neutral
86,neutral
87,positive
88,positive
89,neutral
90,neutral
91,neutral
92,positive
93,neutral
94,neutral
95,positive
96,positive
97,neutral
98,positive
99,positive
100,neutral
101,neutral
102,neutral
103,positive
104,positive
105,positive
106,positive
107,positive
108,neutral
109,neutral
110,neutral
111,positive
112,neutral
113,neutral
114,positive
115,neutral
116,positive
117,positive
118,positive
119,positive
120,neutral
121,neutral
122,positive
123,positive
124,positive
125,neutral
126,positive
127,neutral
128,neutral
129,neutral
130,neutral
131,neutral
132,positive
133,neutral
134,neutral
135,positive
136,neutral
137,neutral
138,positive
139,neutral
140,neutral
141,neutral
142,positive
143,neutral
144,neutral
145,positive
146,positive
147,positive
148,positive
149,neutral
150,positive
151,negative
152,neutral
153,positive
154,neutral
155,positive
156,negative
157,positive
158,negative
159,neutral
160,positive
161,neutral
162,positive
163,neutral
164,neutral
165,negative
166,neutral
167,neutral
168,neutral
169,neutral
170,negative
171,positive
172,neutral
173,neutral
174,neutral
175,positive
176,negative
177,positive
178,neutral
179,positive
180,neutral
181,positive
182,positive
183,negative
184,neutral
185,negative
186,neutral
187,positive
188,positive
189,neutral
190,neutral
191,neutral
192,positive
193,neutral
194,positive
195,positive
196,neutral
197,neutral
198,positive
199,positive
200,positive
201,positive
202,positive
203,negative
204,positive
205,negative
206,positive
207,negative
208,positive
209,neutral
210,neutral
211,negative
212,neutral
213,positive
214,negative
215,neutral
216,negative
217,neutral
218,neutral
219,neutral
220,neutral
221,positive
222,positive
223,positive
224,neutral
225,negative
226,neutral
227,negative
228,neutral
229,positive
230,positive
231,positive
232,neutral
233,negative
234,neutral
235,positive
236,negative
237,neutral
238,negative
239,positive
240,positive
241,positive
242,positive
243,positive
244,neutral
245,positive
246,positive
247,neutral
248,positive
249,neutral
250,neutral
251,positive
252,neutral
253,negative
254,negative
255,positive
256,neutral
257,neutral
258,positive
259,neutral
260,neutral
261,neutral
262,positive
263,positive
264,negative
265,negative
266,positive
267,neutral
268,negative
269,positive
270,neutral
271,positive
272,negative
273,neutral
274,positive
275,positive
276,positive
277,neutral
278,neutral
279,negative
280,neutral
281,positive
282,neutral
283,neutral
284,positive
285,positive
286,positive
287,neutral
288,positive
289,neutral
290,neutral
291,positive
292,positive
293,neutral
294,neutral
295,positive
296,neutral
297,positive
298,negative
299,negative
300,positive
301,negative
302,positive
303,neutral
304,neutral
305,neutral
306,negative
307,neutral
308,neutral
309,positive
310,positive
311,positive
312,negative
313,neutral
314,neutral
315,positive
316,neutral
317,positive
318,positive
319,neutral
320,positive
321,neutral
322,neutral
323,positive
324,neutral
325,neutral
326,positive
327,positive
328,neutral
329,neutral
330,positive
331,positive
332,neutral
333,neutral
334,neutral
335,positive
336,negative
337,positive
338,neutral
339,positive
340,positive
341,neutral
342,positive
343,positive
344,positive
345,positive
346,positive
347,positive
348,negative
349,neutral
350,neutral
351,neutral
352,neutral
353,positive
354,neutral
355,positive
356,neutral
357,positive
358,neutral
359,neutral
360,neutral
361,neutral
362,positive
363,positive
364,neutral
365,neutral
366,neutral
367,positive
368,positive
369,neutral
370,neutral
371,positive
372,neutral
373,negative
374,positive
375,positive
376,positive
377,positive
378,neutral
379,neutral
380,neutral
381,positive
382,neutral
383,positive
384,neutral
385,neutral
386,positive
387,neutral
388,neutral
389,neutral
390,positive
391,positive
392,positive
393,positive
394,positive
395,negative
396,neutral
397,negative
398,positive
399,neutral
400,positive
401,neutral
402,positive
403,neutral
404,neutral
405,neutral
406,positive
407,negative
408,neutral
409,neutral
410,positive
411,neutral
412,positive
413,neutral
414,negative
415,neutral
416,neutral
417,neutral
418,neutral
419,neutral
420,neutral
421,neutral
422,neutral
423,neutral
424,neutral
425,neutral
426,neutral
427,neutral
428,neutral
429,neutral
430,neutral
431,neutral
432,positive
433,positive
434,positive
435,positive
436,neutral
437,positive
438,positive
439,positive
440,neutral
441,neutral
442,neutral
443,negative
444,neutral
445,positive
446,neutral
447,negative
448,positive
449,negative
450,neutral
451,positive
452,negative
453,neutral
454,positive
455,positive
456,neutral
457,neutral
458,neutral
459,neutral
460,positive
461,neutral
462,positive
463,neutral
464,negative
465,positive
466,neutral
467,negative
468,negative
469,neutral
470,negative
471,neutral
472,positive
473,neutral
474,positive
475,neutral
476,neutral
477,positive
478,positive
479,negative
480,positive
481,neutral
482,neutral
483,positive
484,positive
485,positive
486,neutral
487,positive
488,positive
489,positive
490,neutral
491,neutral
492,neutral
493,neutral
494,positive
495,positive
496,positive
497,positive
498,neutral
499,neutral
500,positive
501,neutral
502,positive
503,neutral
504,neutral
505,positive
506,neutral
507,neutral
508,neutral
509,neutral
510,positive
511,negative
512,neutral
513,positive
514,negative
515,neutral
516,neutral
517,neutral
518,neutral
519,positive
520,positive
521,neutral
522,positive
523,positive
524,negative
525,positive
526,neutral
527,positive
528,neutral
529,positive
530,neutral
531,neutral
532,neutral
533,positive
534,negative
535,neutral
536,negative
537,positive
538,neutral
539,neutral
540,positive
541,positive
542,negative
543,neutral
544,neutral
545,negative
546,positive
547,positive
548,positive
549,neutral
550,neutral
551,neutral
552,positive
553,positive
554,positive
555,positive
556,neutral
557,neutral
558,positive
559,neutral
560,positive
561,negative
562,negative
563,neutral
564,neutral
565,neutral
566,positive
567,positive
568,neutral
569,neutral
570,negative
571,positive
572,neutral
573,neutral
574,neutral
575,neutral
576,positive
577,negative
578,positive
579,positive
580,positive
581,neutral
582,negative
583,neutral
584,neutral
585,negative
586,positive
587,positive
588,neutral
589,neutral
590,positive
591,neutral
592,positive
593,positive
594,neutral
595,negative
596,negative
597,positive
598,neutral
599,neutral
600,neutral
601,negative
602,neutral
603,positive
604,neutral
605,neutral
606,positive
607,positive
608,negative
609,positive
610,positive
611,positive
612,positive
613,positive
614,positive
615,positive
616,positive
617,negative
618,positive
619,neutral
620,positive
621,positive
622,negative
623,positive
624,positive
625,neutral
626,neutral
627,positive
628,neutral
629,neutral
630,positive
631,neutral
632,neutral
633,neutral
634,negative
635,neutral
636,neutral
637,positive
638,negative
639,neutral
640,positive
641,neutral
642,neutral
643,neutral
644,positive
645,neutral
646,neutral
647,negative
648,negative
649,neutral
650,positive
651,neutral
652,negative
653,positive
654,negative
655,neutral
656,positive
657,negative
658,neutral
659,positive
660,negative
661,positive
662,positive
663,positive
664,neutral
665,neutral
666,positive
667,negative
668,positive
669,positive
670,positive
671,neutral
672,positive
673,neutral
674,positive
675,neutral
676,neutral
677,neutral
678,neutral
679,neutral
680,positive
681,neutral
682,positive
683,positive
684,positive
685,positive
686,negative
687,negative
688,positive
689,neutral
690,positive
691,neutral
692,negative
693,positive
694,positive
695,neutral
696,neutral
697,neutral
698,negative
699,positive
700,neutral
701,neutral
702,neutral
703,neutral
704,negative
705,positive
706,neutral
707,neutral
708,positive
709,negative
710,neutral
711,positive
712,neutral
713,neutral
714,positive
715,neutral
716,positive
717,negative
718,positive
719,positive
720,positive
721,positive
722,neutral
723,neutral
724,positive
725,positive
726,neutral
727,positive
728,neutral
729,positive
730,neutral
731,neutral
732,positive
733,positive
734,positive
735,neutral
736,positive
737,positive
738,neutral
739,neutral
740,neutral
741,neutral
742,negative
743,positive
744,neutral
745,neutral
746,negative
747,neutral
748,negative
749,positive
750,neutral
751,neutral
752,neutral
753,neutral
754,negative
755,neutral
756,neutral
757,neutral
758,positive
759,positive
760,positive
761,neutral
762,neutral
763,neutral
764,neutral
765,neutral
766,neutral
767,neutral
768,positive
769,neutral
770,neutral
771,positive
772,neutral
773,positive
774,positive
775,positive
776,neutral
777,neutral
778,neutral
779,negative
780,neutral
781,neutral
782,neutral
783,positive
784,neutral
785,neutral
786,neutral
787,neutral
788,neutral
789,negative
790,positive
791,neutral
792,neutral
793,positive
794,neutral
795,neutral
796,positive
797,positive
798,neutral
799,positive
800,positive
801,positive
802,neutral
803,negative
804,positive
805,positive
806,neutral
807,neutral
808,neutral
809,positive
810,neutral
811,positive
812,neutral
813,neutral
814,negative
815,neutral
816,neutral
817,negative
818,neutral
819,positive
820,positive
821,positive
822,neutral
823,neutral
824,negative
825,positive
826,negative
827,positive
828,neutral
829,neutral
830,neutral
831,positive
832,neutral
833,neutral
834,negative
835,neutral
836,negative
837,neutral
838,positive
839,positive
840,neutral
841,neutral
842,positive
843,neutral
844,neutral
845,neutral
846,neutral
847,negative
848,positive
849,positive
850,positive
851,neutral
852,negative
853,positive
854,positive
855,neutral
856,neutral
857,negative
858,negative
859,neutral
860,negative
861,neutral
862,neutral
863,neutral
864,positive
865,neutral
866,negative
867,positive
868,neutral
869,neutral
870,neutral
871,neutral
872,positive
873,positive
874,negative
875,positive
876,neutral
877,positive
878,negative
879,positive
880,negative
881,positive
882,neutral
883,negative
884,neutral
885,positive
886,negative
887,positive
888,positive
889,negative
890,positive
891,negative
892,neutral
893,neutral
894,neutral
895,negative
896,neutral
897,neutral
898,positive
899,neutral
900,positive
901,positive
902,neutral
903,positive
904,negative
905,positive
906,positive
907,positive
908,positive
909,neutral
910,negative
911,positive
912,positive
913,positive
914,neutral
915,positive
916,positive
917,positive
918,neutral
919,neutral
920,neutral
921,positive
922,negative
923,positive
924,positive
925,neutral
926,neutral
927,neutral
928,neutral
929,positive
930,positive
931,neutral
932,neutral
933,positive
934,negative
935,neutral
936,positive
937,positive
938,neutral
939,positive
940,neutral
941,neutral
942,positive
943,neutral
944,neutral
945,neutral
946,neutral
947,positive
948,positive
949,neutral
950,positive
951,positive
952,neutral
953,positive
954,neutral
955,positive
956,neutral
957,neutral
958,neutral
959,neutral
960,positive
961,neutral
962,positive
963,neutral
964,neutral
965,positive
966,neutral
967,positive
968,negative
969,neutral
970,neutral
971,positive
972,neutral
973,positive
974,neutral
975,positive
976,neutral
977,neutral
978,neutral
979,neutral
980,negative
981,neutral
982,positive
983,negative
984,neutral
985,positive
986,negative
987,positive
988,positive
989,neutral
990,positive
991,negative
992,positive
993,neutral
994,neutral
995,neutral
996,neutral
997,positive
998,negative
999,positive
1000,neutral
1001,neutral
1002,positive
1003,negative
1004,neutral
1005,positive
1006,positive
1007,positive
1008,neutral
1009,positive
1010,neutral
1011,positive
1012,positive
1013,positive
1014,positive
1015,positive
1016,neutral
1017,negative
1018,neutral
1019,neutral
1020,neutral
1021,neutral
1022,positive
1023,positive
1024,neutral
1025,positive
1026,positive
1027,positive
1028,neutral
1029,neutral
1030,positive
1031,negative
1032,neutral
1033,positive
1034,neutral
1035,neutral
1036,neutral
1037,neutral
1038,neutral
1039,neutral
1040,positive
1041,positive
1042,neutral
1043,negative
1044,negative
1045,positive
1046,neutral
1047,negative
1048,neutral
1049,positive
1050,positive
1051,neutral
1052,neutral
1053,negative
1054,negative
1055,neutral
1056,positive
1057,positive
1058,neutral
1059,negative
1060,positive
1061,negative
1062,positive
1063,neutral
1064,neutral
1065,neutral
1066,positive
1067,negative
1068,positive
1069,positive
1070,neutral
1071,positive
1072,neutral
1073,positive
1074,neutral
1075,negative
1076,neutral
1077,negative
1078,negative
1079,neutral
1080,positive
1081,negative
1082,neutral
1083,negative
1084,neutral
1085,neutral
1086,negative
1087,neutral
1088,neutral
1089,neutral
1090,neutral
1091,positive
1092,neutral
1093,positive
1094,neutral
1095,negative
1096,neutral
1097,positive
1098,positive
1099,positive
1100,positive
1101,neutral
1102,neutral
1103,neutral
1104,negative
1105,neutral
1106,positive
1107,positive
1108,neutral
1109,positive
1110,neutral
1111,positive
1112,positive
1113,neutral
1114,negative
1115,positive
1116,neutral
1117,neutral
1118,positive
1119,neutral
1120,negative
1121,positive
1122,neutral
1123,neutral
1124,neutral
1125,positive
1126,neutral
1127,positive
1128,positive
1129,neutral
1130,positive
1131,neutral
1132,neutral
1133,neutral
1134,positive
1135,positive
1136,neutral
1137,neutral
1138,negative
1139,positive
1140,positive
1141,positive
1142,neutral
1143,positive
1144,positive
1145,positive
1146,neutral
1147,neutral
1148,positive
1149,neutral
1150,positive
1151,neutral
1152,positive
1153,neutral
1154,positive
1155,positive
1156,neutral
1157,neutral
1158,negative
1159,positive
1160,neutral
1161,negative
1162,positive
1163,positive
1164,neutral
1165,neutral
1166,positive
1167,negative
1168,negative
1169,neutral
1170,neutral
1171,positive
1172,positive
1173,positive
1174,neutral
1175,neutral
1176,positive
1177,neutral
1178,positive
1179,neutral
1180,neutral
1181,positive
1182,neutral
1183,neutral
1184,positive
1185,positive
1186,positive
1187,neutral
1188,neutral
1189,positive
1190,negative
1191,positive
1192,positive
1193,positive
1194,positive
1195,neutral
1196,neutral
1197,negative
1198,neutral
1199,positive
1200,negative
1201,neutral
1202,positive
1203,positive
1204,positive
1205,positive
1206,positive
1207,negative
1208,positive
1209,positive
1210,neutral
1211,neutral
1212,negative
1213,neutral
1214,neutral
1215,neutral
1216,negative
1217,neutral
1218,positive
1219,positive
1220,neutral
1221,positive
1222,negative
1223,neutral
1224,neutral
1225,neutral
1226,neutral
1227,positive
1228,positive
1229,neutral
1230,negative
1231,neutral
1232,neutral
1233,positive
1234,positive
1235,positive
1236,neutral
1237,negative
1238,neutral
1239,neutral
1240,positive
1241,neutral
1242,positive
1243,positive
1244,negative
1245,neutral
1246,neutral
1247,neutral
1248,negative
1249,neutral
1250,neutral
1251,neutral
1252,neutral
1253,neutral
1254,positive
1255,neutral
1256,negative
1257,positive
1258,positive
1259,neutral
1260,neutral
1261,neutral
1262,positive
1263,neutral
1264,neutral
1265,neutral
1266,neutral
1267,neutral
1268,neutral
1269,positive
1270,positive
1271,neutral
1272,positive
1273,neutral
1274,neutral
1275,neutral
1276,positive
1277,positive
1278,neutral
1279,neutral
1280,positive
1281,neutral
1282,neutral
1283,positive
1284,neutral
1285,neutral
1286,neutral
1287,neutral
1288,neutral
1289,positive
1290,positive
1291,negative
1292,neutral
1293,negative
1294,positive
1295,neutral
1296,negative
1297,neutral
1298,negative
1299,neutral
1300,neutral
1301,negative
1302,neutral
1303,positive
1304,neutral
1305,positive
1306,positive
1307,neutral
1308,neutral
1309,positive
1310,neutral
1311,neutral
1312,neutral
1313,neutral
1314,positive
1315,neutral
1316,positive
1317,positive
1318,neutral
1319,positive
1320,neutral
1321,negative
1322,neutral
1323,negative
1324,positive
1325,neutral
1326,neutral
1327,neutral
1328,neutral
1329,neutral
1330,positive
1331,neutral
1332,neutral
1333,positive
1334,neutral
1335,positive
1336,positive
1337,neutral
1338,negative
1339,neutral
1340,positive
1341,negative
1342,positive
1343,positive
1344,neutral
1345,neutral
1346,neutral
1347,neutral
1348,positive
1349,neutral
1350,neutral
1351,neutral
1352,positive
1353,negative
1354,negative
1355,negative
1356,neutral
1357,negative
1358,neutral
1359,positive
1360,positive
1361,negative
1362,positive
1363,negative
1364,neutral
1365,neutral
1366,neutral
1367,positive
1368,positive
1369,neutral
1370,negative
1371,negative
1372,neutral
1373,neutral
1374,positive
1375,positive
1376,neutral
1377,neutral
1378,positive
1379,negative
1380,neutral
1381,neutral
1382,neutral
1383,neutral
1384,neutral
1385,positive
1386,neutral
1387,positive
1388,neutral
1389,neutral
1390,neutral
1391,positive
1392,neutral
1393,negative
1394,negative
1395,negative
1396,positive
1397,neutral
1398,neutral
1399,negative
1400,neutral
1401,positive
1402,positive
1403,neutral
1404,negative
1405,positive
1406,negative
1407,positive
1408,positive
1409,neutral
1410,neutral
1411,neutral
1412,negative
1413,positive
1414,positive
1415,positive
1416,negative
1417,neutral
1418,negative
1419,negative
1420,neutral
1421,negative
1422,neutral
1423,positive
1424,neutral
1425,positive
1426,neutral
1427,positive
1428,negative
1429,neutral
1430,negative
1431,negative
1432,positive
1433,positive
1434,positive
1435,positive
1436,neutral
1437,neutral
1438,positive
1439,neutral
1440,negative
1441,neutral
1442,neutral
1443,neutral
1444,positive
1445,neutral
1446,neutral
1447,positive
1448,positive
1449,neutral
1450,neutral
1451,positive
1452,positive
1453,neutral
1454,positive
1455,negative
1456,neutral
1457,neutral
1458,positive
1459,neutral
1460,neutral
1461,negative
1462,neutral
1463,neutral
1464,positive
1465,positive
1466,neutral
1467,positive
1468,neutral
1469,positive
1470,positive
1471,neutral
1472,neutral
1473,neutral
1474,positive
1475,neutral
1476,positive
1477,neutral
1478,neutral
1479,neutral
1480,neutral
1481,neutral
1482,neutral
1483,positive
1484,neutral
1485,neutral
1486,positive
1487,positive
1488,negative
1489,neutral
1490,neutral
1491,neutral
1492,neutral
1493,positive
1494,negative
1495,neutral
1496,negative
1497,neutral
1498,neutral
1499,positive
1500,positive
1501,positive
1502,neutral
1503,neutral
1504,neutral
1505,positive
1506,negative
1507,negative
1508,negative
1509,neutral
1510,neutral
1511,neutral
1512,neutral
1513,positive
1514,neutral
1515,neutral
1516,positive
1517,positive
1518,positive
1519,positive
1520,positive
1521,negative
1522,neutral
1523,positive
1524,negative
1525,neutral
1526,negative
1527,neutral
1528,neutral
1529,neutral
1530,neutral
1531,neutral
1532,positive
1533,negative
1534,neutral
1535,positive
1536,negative
1537,neutral
1538,positive
1539,neutral
1540,neutral
1541,neutral
1542,neutral
1543,negative
1544,neutral
1545,neutral
1546,positive
1547,negative
1548,neutral
1549,negative
1550,neutral
1551,neutral
1552,neutral
1553,positive
1554,positive
1555,negative
1556,positive
1557,positive
1558,positive
1559,positive
1560,neutral
1561,negative
1562,neutral
1563,negative
1564,neutral
1565,neutral
1566,neutral
1567,positive
1568,neutral
1569,neutral
1570,neutral
1571,neutral
1572,neutral
1573,negative
1574,neutral
1575,neutral
1576,neutral
1577,positive
1578,negative
1579,neutral
1580,positive
1581,negative
1582,neutral
1583,positive
1584,neutral
1585,positive
1586,neutral
1587,neutral
1588,neutral
1589,negative
1590,neutral
1591,negative
1592,neutral
1593,neutral
1594,positive
1595,positive
1596,positive
1597,positive
1598,positive
1599,positive
1600,neutral
1601,neutral
1602,neutral
1603,positive
1604,neutral
1605,neutral
1606,positive
1607,neutral
1608,neutral
1609,neutral
1610,neutral
1611,neutral
1612,neutral
1613,neutral
1614,neutral
1615,negative
1616,neutral
1617,positive
1618,neutral
1619,positive
1620,negative
1621,neutral
1622,neutral
1623,neutral
1624,neutral
1625,neutral
1626,neutral
1627,neutral
1628,positive
1629,neutral
1630,neutral
1631,neutral
1632,neutral
1633,neutral
1634,neutral
1635,negative
1636,neutral
1637,neutral
1638,negative
1639,neutral
1640,neutral
1641,positive
1642,positive
1643,negative
1644,neutral
1645,neutral
1646,neutral
1647,positive
1648,positive
1649,neutral
1650,neutral
1651,positive
1652,negative
1653,positive
1654,positive
1655,negative
1656,neutral
1657,positive
1658,neutral
1659,neutral
1660,neutral
1661,neutral
1662,positive
1663,negative
1664,positive
1665,neutral
1666,neutral
1667,neutral
1668,neutral
1669,neutral
1670,neutral
1671,positive
1672,neutral
1673,neutral
1674,neutral
1675,neutral
1676,neutral
1677,negative
1678,negative
1679,positive
1680,positive
1681,neutral
1682,negative
1683,positive
1684,positive
1685,negative
1686,positive
1687,positive
1688,positive
1689,neutral
1690,positive
1691,neutral
1692,neutral
1693,positive
1694,positive
1695,positive
1696,neutral
1697,positive
1698,neutral
1699,neutral
1700,neutral
1701,neutral
1702,negative
1703,neutral
1704,neutral
1705,positive
1706,negative
1707,neutral
1708,neutral
1709,positive
1710,neutral
1711,positive
1712,neutral
1713,positive
1714,positive
1715,neutral
1716,neutral
1717,positive
1718,neutral
1719,positive
1720,positive
1721,negative
1722,neutral
1723,neutral
1724,positive
1725,neutral
1726,neutral
1727,neutral
1728,positive
1729,positive
1730,positive
1731,neutral
1732,positive
1733,neutral
1734,neutral
1735,positive
1736,neutral
1737,neutral
1738,positive
1739,neutral
1740,neutral
1741,neutral
1742,positive
1743,positive
1744,neutral
1745,positive
1746,neutral
1747,neutral
1748,positive
1749,neutral
1750,neutral
1751,neutral
1752,positive
1753,negative
1754,neutral
1755,positive
1756,neutral
1757,neutral
1758,positive
1759,neutral
1760,positive
1761,neutral
1762,positive
1763,positive
1764,positive
1765,positive
1766,neutral
1767,positive
1768,neutral
1769,negative
1770,positive
1771,positive
1772,positive
1773,neutral
1774,positive
1775,positive
1776,neutral
1777,neutral
1778,positive
1779,negative
1780,neutral
1781,neutral
1782,positive
1783,neutral
1784,neutral
1785,neutral
1786,neutral
1787,positive
1788,positive
1789,neutral
1790,neutral
1791,neutral
1792,neutral
1793,positive
1794,positive
1795,positive
1796,neutral
1797,positive
1798,neutral
1799,negative
1800,neutral
1801,neutral
1802,positive
1803,neutral
1804,positive
1805,negative
1806,negative
1807,neutral
1808,positive
1809,neutral
1810,negative
1811,neutral
1812,neutral
1813,neutral
1814,positive
1815,positive
1816,neutral
1817,positive
1818,neutral
1819,negative
1820,neutral
1821,neutral
1822,negative
1823,neutral
1824,neutral
1825,neutral
1826,negative
1827,positive
1828,negative
1829,neutral
1830,positive
1831,neutral
1832,neutral
1833,neutral
1834,neutral
1835,positive
1836,neutral
1837,neutral
1838,positive
1839,neutral
1840,neutral
1841,neutral
1842,neutral
1843,neutral
1844,neutral
1845,positive
1846,neutral
1847,neutral
1848,negative
1849,neutral
1850,positive
1851,neutral
1852,neutral
1853,negative
1854,positive
1855,positive
1856,neutral
1857,positive
1858,positive
1859,positive
1860,neutral
1861,positive
1862,positive
1863,neutral
1864,neutral
1865,neutral
1866,negative
1867,neutral
1868,positive
1869,neutral
1870,neutral
1871,positive
1872,negative
1873,positive
1874,neutral
1875,positive
1876,neutral
1877,neutral
1878,negative
1879,positive
1880,positive
1881,positive
1882,neutral
1883,positive
1884,negative
1885,negative
1886,positive
1887,positive
1888,neutral
1889,neutral
1890,neutral
1891,positive
1892,positive
1893,positive
1894,neutral
1895,neutral
1896,positive
1897,neutral
1898,neutral
1899,positive
1900,positive
1901,positive
1902,negative
1903,neutral
1904,negative
1905,positive
1906,neutral
1907,neutral
1908,negative
1909,neutral
1910,positive
1911,positive
1912,neutral
1913,positive
1914,negative
1915,neutral
1916,positive
1917,negative
1918,neutral
1919,neutral
1920,negative
1921,positive
1922,negative
1923,negative
1924,positive
1925,neutral
1926,positive
1927,positive
1928,positive
1929,neutral
1930,positive
1931,positive
1932,neutral
1933,neutral
1934,positive
1935,neutral
1936,positive
1937,neutral
1938,positive
1939,neutral
1940,neutral
1941,neutral
1942,neutral
1943,negative
1944,neutral
1945,neutral
1946,neutral
1947,positive
1948,neutral
1949,positive
1950,neutral
1951,positive
1952,positive
1953,neutral
1954,neutral
1955,positive
1956,neutral
1957,neutral
1958,positive
1959,neutral
1960,positive
1961,neutral
1962,neutral
1963,neutral
1964,neutral
1965,positive
1966,positive
1967,neutral
1968,neutral
1969,neutral
1970,neutral
1971,neutral
1972,neutral
1973,neutral
1974,neutral
1975,negative
1976,neutral
1977,negative
1978,neutral
1979,positive
1980,neutral
1981,positive
1982,neutral
1983,positive
1984,neutral
1985,neutral
1986,neutral
1987,neutral
1988,positive
1989,positive
1990,neutral
1991,positive
1992,positive
1993,neutral
1994,neutral
1995,neutral
1996,neutral
1997,positive
1998,positive
1999,neutral
2000,positive
2001,negative
2002,neutral
2003,positive
2004,neutral
2005,neutral
2006,neutral
2007,neutral
2008,positive
2009,neutral
2010,positive
2011,positive
2012,positive
2013,negative
2014,negative
2015,positive
2016,positive
2017,neutral
2018,positive
2019,neutral
2020,neutral
2021,negative
2022,neutral
2023,positive
2024,neutral
2025,positive
2026,neutral
2027,positive
2028,neutral
2029,positive
2030,positive
2031,negative
2032,neutral
2033,negative
2034,positive
2035,positive
2036,neutral
2037,positive
2038,positive
2039,neutral
2040,positive
2041,neutral
2042,neutral
2043,neutral
2044,positive
2045,neutral
2046,negative
2047,positive
2048,positive
2049,neutral
2050,neutral
2051,negative
2052,neutral
2053,neutral
2054,neutral
2055,neutral
2056,neutral
2057,positive
2058,neutral
2059,positive
2060,positive
2061,neutral
2062,positive
2063,neutral
2064,neutral
2065,neutral
2066,neutral
2067,neutral
2068,neutral
2069,positive
2070,positive
2071,positive
2072,neutral
2073,positive
2074,neutral
2075,negative
2076,neutral
2077,positive
2078,positive
2079,negative
2080,positive
2081,negative
2082,negative
2083,neutral
2084,neutral
2085,neutral
2086,neutral
2087,positive
2088,positive
2089,positive
2090,neutral
2091,positive
2092,neutral
2093,positive
2094,positive
2095,neutral
2096,neutral
2097,positive
2098,neutral
2099,neutral
2100,positive
2101,positive
2102,neutral
2103,neutral
2104,negative
2105,positive
2106,positive
2107,positive
2108,positive
2109,neutral
2110,neutral
2111,negative
2112,positive
2113,positive
2114,neutral
2115,positive
2116,neutral
2117,positive
2118,positive
2119,negative
2120,positive
2121,positive
2122,neutral
2123,positive
2124,positive
2125,positive
2126,positive
2127,neutral
2128,neutral
2129,neutral
2130,neutral
2131,neutral
2132,neutral
2133,positive
2134,neutral
2135,positive
2136,negative
2137,neutral
2138,positive
2139,positive
2140,neutral
2141,neutral
2142,neutral
2143,neutral
2144,neutral
2145,neutral
2146,positive
2147,positive
2148,negative
2149,neutral
2150,positive
2151,neutral
2152,negative
2153,positive
2154,neutral
2155,positive
2156,positive
2157,neutral
2158,neutral
2159,neutral
2160,positive
2161,neutral
2162,positive
2163,neutral
2164,neutral
2165,positive
2166,neutral
2167,neutral
2168,neutral
2169,neutral
2170,neutral
2171,positive
2172,positive
2173,positive
2174,neutral
2175,negative
2176,positive
2177,neutral
2178,negative
2179,positive
2180,neutral
2181,positive
2182,neutral
2183,neutral
2184,positive
2185,neutral
2186,negative
2187,positive
2188,positive
2189,negative
2190,neutral
2191,positive
2192,positive
2193,negative
2194,neutral
2195,negative
2196,positive
2197,positive
2198,neutral
2199,neutral
2200,neutral
2201,neutral
2202,neutral
2203,neutral
2204,neutral
2205,positive
2206,positive
2207,positive
2208,neutral
2209,positive
2210,neutral
2211,neutral
2212,positive
2213,neutral
2214,negative
2215,neutral
2216,neutral
2217,neutral
2218,neutral
2219,positive
2220,negative
2221,positive
2222,positive
2223,positive
2224,negative
2225,neutral
2226,positive
2227,positive
2228,positive
2229,neutral
2230,neutral
2231,neutral
2232,negative
2233,positive
2234,neutral
2235,neutral
2236,neutral
2237,neutral
2238,neutral
2239,neutral
2240,negative
2241,neutral
2242,neutral
2243,neutral
2244,positive
2245,negative
2246,neutral
2247,neutral
2248,neutral
2249,neutral
2250,neutral
2251,neutral
2252,negative
2253,neutral
2254,neutral
2255,neutral
2256,negative
2257,neutral
2258,positive
2259,positive
2260,neutral
2261,positive
2262,neutral
2263,negative
2264,neutral
2265,neutral
2266,positive
2267,positive
2268,positive
2269,negative
2270,neutral
2271,negative
2272,neutral
2273,negative
2274,positive
2275,neutral
2276,negative
2277,neutral
2278,positive
2279,neutral
2280,neutral
2281,positive
2282,negative
2283,positive
2284,negative
2285,neutral
2286,positive
2287,positive
2288,positive
2289,neutral
2290,neutral
2291,positive
2292,neutral
2293,neutral
2294,neutral
2295,neutral
2296,neutral
2297,neutral
2298,positive
2299,negative
2300,neutral
2301,neutral
2302,neutral
2303,neutral
2304,neutral
2305,neutral
2306,positive
2307,neutral
2308,positive
2309,positive
2310,neutral
2311,neutral
2312,negative
2313,neutral
2314,neutral
2315,neutral
2316,neutral
2317,positive
2318,neutral
2319,positive
2320,positive
2321,neutral
2322,neutral
2323,neutral
2324,negative
2325,positive
2326,neutral
2327,neutral
2328,neutral
2329,positive
2330,positive
2331,positive
2332,positive
2333,neutral
2334,neutral
2335,positive
2336,neutral
2337,neutral
2338,neutral
2339,neutral
2340,neutral
2341,positive
2342,neutral
2343,neutral
2344,positive
2345,positive
2346,neutral
2347,neutral
2348,neutral
2349,neutral
2350,neutral
2351,negative
2352,positive
2353,neutral
2354,positive
2355,neutral
2356,positive
2357,positive
2358,neutral
2359,positive
2360,neutral
2361,neutral
2362,neutral
2363,positive
2364,negative
2365,neutral
2366,positive
2367,neutral
2368,positive
2369,neutral
2370,positive
2371,negative
2372,neutral
2373,neutral
2374,positive
2375,neutral
2376,neutral
2377,neutral
2378,neutral
2379,positive
2380,positive
2381,neutral
2382,neutral
2383,neutral
2384,neutral
2385,neutral
2386,positive
2387,neutral
2388,positive
2389,positive
2390,positive
2391,neutral
2392,neutral
2393,neutral
2394,positive
2395,neutral
2396,positive
2397,negative
2398,negative
2399,neutral
2400,positive
2401,neutral
2402,positive
2403,positive
2404,positive
2405,negative
2406,neutral
2407,neutral
2408,neutral
2409,positive
2410,neutral
2411,neutral
2412,neutral
2413,positive
2414,neutral
2415,neutral
2416,neutral
2417,neutral
2418,neutral
2419,positive
2420,neutral
2421,positive
2422,negative
2423,positive
2424,neutral
2425,positive
2426,neutral
2427,neutral
2428,neutral
2429,positive
2430,neutral
2431,positive
2432,positive
2433,neutral
2434,neutral
2435,positive
2436,negative
2437,positive
2438,neutral
2439,neutral
2440,negative
2441,neutral
2442,positive
2443,neutral
2444,neutral
2445,neutral
2446,negative
2447,neutral
2448,positive
2449,neutral
2450,positive
2451,neutral
2452,neutral
2453,positive
2454,negative
2455,positive
2456,neutral
2457,negative
2458,negative
2459,positive
2460,positive
2461,neutral
2462,neutral
2463,neutral
2464,neutral
2465,neutral
2466,positive
2467,positive
2468,positive
2469,negative
2470,neutral
2471,positive
2472,neutral
2473,positive
2474,positive
2475,positive
2476,neutral
2477,neutral
2478,positive
2479,negative
2480,neutral
2481,positive
2482,neutral
2483,positive
2484,neutral
2485,neutral
2486,negative
2487,positive
2488,neutral
2489,negative
2490,neutral
2491,positive
2492,negative
2493,neutral
2494,negative
2495,neutral
2496,positive
2497,neutral
2498,neutral
2499,positive
2500,neutral
2501,neutral
2502,negative
2503,neutral
2504,neutral
2505,neutral
2506,neutral
2507,positive
2508,positive
2509,negative
2510,neutral
2511,positive
2512,neutral
2513,neutral
2514,neutral
2515,positive
2516,neutral
2517,negative
2518,neutral
2519,positive
2520,neutral
2521,neutral
2522,negative
2523,neutral
2524,neutral
2525,positive
2526,neutral
2527,neutral
2528,neutral
2529,neutral
2530,positive
2531,neutral
2532,negative
2533,positive
2534,positive
2535,neutral
2536,positive
2537,neutral
2538,neutral
2539,positive
2540,neutral
2541,positive
2542,neutral
2543,neutral
2544,neutral
2545,positive
2546,positive
2547,positive
2548,positive
2549,positive
2550,neutral
2551,neutral
2552,neutral
2553,positive
2554,neutral
2555,positive
2556,positive
2557,negative
2558,positive
2559,neutral
2560,neutral
2561,positive
2562,neutral
2563,neutral
2564,positive
2565,positive
2566,negative
2567,neutral
2568,negative
2569,neutral
2570,neutral
2571,neutral
2572,neutral
2573,neutral
2574,negative
2575,positive
2576,neutral
2577,neutral
2578,negative
2579,neutral
2580,positive
2581,negative
2582,positive
2583,negative
2584,neutral
2585,negative
2586,negative
2587,neutral
2588,positive
2589,positive
2590,neutral
2591,negative
2592,neutral
2593,positive
2594,positive
2595,neutral
2596,negative
2597,neutral
2598,neutral
2599,neutral
2600,neutral
2601,neutral
2602,neutral
2603,positive
2604,negative
2605,neutral
2606,neutral
2607,positive
2608,neutral
2609,neutral
2610,positive
2611,positive
2612,negative
2613,neutral
2614,neutral
2615,negative
2616,positive
2617,negative
2618,positive
2619,neutral
2620,neutral
2621,positive
2622,neutral
2623,neutral
2624,neutral
2625,neutral
2626,neutral
2627,negative
2628,positive
2629,positive
2630,neutral
2631,positive
2632,positive
2633,positive
2634,neutral
2635,negative
2636,negative
2637,neutral
2638,neutral
2639,neutral
2640,negative
2641,neutral
2642,neutral
2643,negative
2644,neutral
2645,neutral
2646,neutral
2647,neutral
2648,neutral
2649,positive
2650,positive
2651,positive
2652,positive
2653,positive
2654,neutral
2655,neutral
2656,positive
2657,neutral
2658,neutral
2659,positive
2660,positive
2661,positive
2662,neutral
2663,neutral
2664,neutral
2665,positive
2666,negative
2667,positive
2668,neutral
2669,positive
2670,positive
2671,negative
2672,positive
2673,positive
2674,positive
2675,neutral
2676,neutral
2677,neutral
2678,positive
2679,neutral
2680,positive
2681,neutral
2682,positive
2683,neutral
2684,positive
2685,neutral
2686,neutral
2687,positive
2688,positive
2689,neutral
2690,neutral
2691,neutral
2692,neutral
2693,neutral
2694,neutral
2695,neutral
2696,neutral
2697,negative
2698,positive
2699,neutral
2700,neutral
2701,positive
2702,neutral
2703,neutral
2704,negative
2705,positive
2706,positive
2707,positive
2708,positive
2709,positive
2710,neutral
2711,positive
2712,neutral
2713,positive
2714,neutral
2715,positive
2716,neutral
2717,positive
2718,positive
2719,neutral
2720,neutral
2721,neutral
2722,positive
2723,neutral
2724,neutral
2725,neutral
2726,neutral
2727,positive
2728,neutral
2729,neutral
2730,neutral
2731,neutral
2732,positive
2733,positive
2734,positive
2735,positive
2736,neutral
2737,negative
2738,neutral
2739,neutral
2740,neutral
2741,positive
2742,negative
2743,negative
2744,positive
2745,neutral
2746,neutral
2747,neutral
2748,neutral
2749,neutral
2750,neutral
2751,neutral
2752,positive
2753,positive
2754,neutral
2755,neutral
2756,neutral
2757,positive
2758,neutral
2759,neutral
2760,neutral
2761,neutral
2762,positive
2763,neutral
2764,neutral
2765,positive
2766,positive
2767,neutral
2768,positive
2769,neutral
2770,neutral
2771,positive
2772,neutral
2773,neutral
2774,neutral
2775,neutral
2776,neutral
2777,neutral
2778,neutral
2779,positive
2780,neutral
2781,neutral
2782,positive
2783,neutral
2784,positive
2785,neutral
2786,negative
2787,neutral
2788,negative
2789,neutral
2790,negative
2791,negative
2792,positive
2793,positive
2794,positive
2795,positive
2796,neutral
2797,positive
2798,neutral
2799,neutral
2800,positive
2801,positive
2802,neutral
2803,neutral
2804,neutral
2805,negative
2806,neutral
2807,neutral
2808,positive
2809,positive
2810,positive
2811,neutral
2812,negative
2813,neutral
2814,neutral
2815,neutral
2816,neutral
2817,positive
2818,negative
2819,neutral
2820,neutral
2821,neutral
2822,neutral
2823,neutral
2824,neutral
2825,positive
2826,neutral
2827,neutral
2828,positive
2829,neutral
2830,positive
2831,neutral
2832,neutral
2833,positive
2834,positive
2835,positive
2836,neutral
2837,neutral
2838,positive
2839,neutral
2840,neutral
2841,positive
2842,negative
2843,neutral
2844,neutral
2845,positive
2846,positive
2847,neutral
2848,neutral
2849,positive
2850,neutral
2851,negative
2852,neutral
2853,neutral
2854,positive
2855,neutral
2856,neutral
2857,neutral
2858,negative
2859,neutral
2860,neutral
2861,neutral
2862,negative
2863,neutral
2864,neutral
2865,positive
2866,neutral
2867,neutral
2868,positive
2869,positive
2870,negative
2871,positive
2872,positive
2873,neutral
2874,neutral
2875,positive
2876,neutral
2877,negative
2878,positive
2879,positive
2880,neutral
2881,positive
2882,positive
2883,neutral
2884,positive
2885,neutral
2886,negative
2887,positive
2888,positive
2889,positive
2890,neutral
2891,negative
2892,negative
2893,positive
2894,negative
2895,positive
2896,neutral
2897,neutral
2898,neutral
2899,neutral
2900,negative
2901,positive
2902,neutral
2903,neutral
2904,positive
2905,positive
2906,neutral
2907,positive
2908,positive
2909,neutral
2910,positive
2911,neutral
2912,positive
2913,neutral
2914,negative
2915,positive
2916,positive
2917,positive
2918,neutral
2919,negative
2920,neutral
2921,positive
2922,positive
2923,neutral
2924,neutral
2925,neutral
2926,positive
2927,neutral
2928,negative
2929,neutral
2930,positive
2931,neutral
2932,neutral
2933,neutral
2934,positive
2935,neutral
2936,positive
2937,neutral
2938,neutral
2939,neutral
2940,positive
2941,negative
2942,neutral
2943,negative
2944,neutral
2945,neutral
2946,neutral
2947,neutral
2948,negative
2949,neutral
2950,positive
2951,negative
2952,negative
2953,positive
2954,positive
2955,positive
2956,negative
2957,positive
2958,positive
2959,neutral
2960,neutral
2961,positive
2962,neutral
2963,negative
2964,negative
2965,positive
2966,neutral
2967,positive
2968,positive
2969,neutral
2970,neutral
2971,positive
2972,positive
2973,neutral
2974,positive
2975,negative
2976,neutral
2977,neutral
2978,positive
2979,negative
2980,positive
2981,negative
2982,neutral
2983,neutral
2984,neutral
2985,positive
2986,neutral
2987,positive
2988,positive
2989,positive
2990,neutral
2991,neutral
2992,neutral
2993,neutral
2994,positive
2995,positive
2996,negative
2997,neutral
2998,neutral
2999,neutral
3000,negative
3001,neutral
3002,neutral
3003,neutral
3004,negative
3005,positive
3006,neutral
3007,neutral
3008,negative
3009,neutral
3010,negative
3011,neutral
3012,neutral
3013,positive
3014,positive
3015,neutral
3016,positive
3017,negative
3018,neutral
3019,positive
3020,positive
3021,neutral
3022,positive
3023,neutral
3024,negative
3025,positive
3026,neutral
3027,neutral
3028,positive
3029,neutral
3030,negative
3031,neutral
3032,positive
3033,negative
3034,neutral
3035,neutral
3036,neutral
3037,neutral
3038,neutral
3039,positive
3040,negative
3041,neutral
3042,positive
3043,positive
3044,negative
3045,neutral
3046,negative
3047,positive
3048,positive
3049,negative
3050,neutral
3051,positive
3052,negative
3053,positive
3054,neutral
3055,neutral
3056,positive
3057,negative
3058,positive
3059,neutral
3060,neutral
3061,neutral
3062,positive
3063,positive
3064,negative
3065,positive
3066,positive
3067,positive
3068,neutral
3069,neutral
3070,negative
3071,negative
3072,neutral
3073,positive
3074,neutral
3075,neutral
3076,negative
3077,neutral
3078,positive
3079,positive
3080,neutral
3081,positive
3082,neutral
3083,neutral
3084,neutral
3085,neutral
3086,neutral
3087,neutral
3088,neutral
3089,positive
3090,neutral
3091,positive
3092,neutral
3093,neutral
3094,positive
3095,neutral
3096,positive
3097,positive
3098,neutral
3099,positive
3100,neutral
3101,neutral
3102,neutral
3103,neutral
3104,positive
3105,negative
3106,neutral
3107,positive
3108,negative
3109,positive
3110,positive
3111,positive
3112,neutral
3113,positive
3114,neutral
3115,positive
3116,negative
3117,negative
3118,neutral
3119,neutral
3120,negative
3121,negative
3122,negative
3123,neutral
3124,neutral
3125,neutral
3126,neutral
3127,positive
3128,negative
3129,positive
3130,neutral
3131,positive
3132,neutral
3133,negative
3134,neutral
3135,positive
3136,negative
3137,negative
3138,neutral
3139,positive
3140,neutral
3141,neutral
3142,negative
3143,neutral
3144,positive
3145,neutral
3146,positive
3147,negative
3148,positive
3149,neutral
3150,positive
3151,neutral
3152,negative
3153,neutral
3154,positive
3155,neutral
3156,neutral
3157,neutral
3158,positive
3159,positive
3160,positive
3161,positive
3162,positive
3163,positive
3164,negative
3165,positive
3166,positive
3167,positive
3168,negative
3169,negative
3170,neutral
3171,positive
3172,neutral
3173,neutral
3174,neutral
3175,neutral
3176,neutral
3177,neutral
3178,neutral
3179,negative
3180,positive
3181,neutral
3182,positive
3183,neutral
3184,negative
3185,neutral
3186,neutral
3187,positive
3188,neutral
3189,neutral
3190,negative
3191,positive
3192,positive
3193,positive
3194,neutral
3195,neutral
3196,negative
3197,neutral
3198,neutral
3199,positive
3200,neutral
3201,positive
3202,neutral
3203,negative
3204,positive
3205,neutral
3206,positive
3207,neutral
3208,positive
3209,negative
3210,positive
3211,neutral
3212,neutral
3213,negative
3214,neutral
3215,negative
3216,neutral
3217,neutral
3218,neutral
3219,negative
3220,positive
3221,negative
3222,positive
3223,neutral
3224,neutral
3225,negative
3226,neutral
3227,positive
3228,positive
3229,positive
3230,neutral
3231,positive
3232,positive
3233,neutral
3234,neutral
3235,neutral
3236,negative
3237,positive
3238,negative
3239,neutral
3240,neutral
3241,neutral
3242,positive
3243,positive
3244,negative
3245,positive
3246,negative
3247,negative
3248,neutral
3249,neutral
3250,neutral
3251,positive
3252,neutral
3253,negative
3254,neutral
3255,positive
3256,negative
3257,neutral
3258,neutral
3259,positive
3260,neutral
3261,negative
3262,neutral
3263,negative
3264,positive
3265,neutral
3266,positive
3267,neutral
3268,positive
3269,negative
3270,neutral
3271,positive
3272,positive
3273,neutral
3274,neutral
3275,positive
3276,neutral
3277,positive
3278,neutral
3279,neutral
3280,neutral
3281,positive
3282,neutral
3283,positive
3284,positive
3285,neutral
3286,neutral
3287,negative
3288,neutral
3289,positive
3290,negative
3291,negative
3292,neutral
3293,positive
3294,neutral
3295,negative
3296,positive
3297,positive
3298,negative
3299,neutral
3300,neutral
3301,negative
3302,neutral
3303,negative
3304,positive
3305,neutral
3306,positive
3307,neutral
3308,neutral
3309,negative
3310,positive
3311,neutral
3312,positive
3313,positive
3314,positive
3315,negative
3316,positive
3317,neutral
3318,negative
3319,neutral
3320,positive
3321,positive
3322,positive
3323,positive
3324,neutral
3325,negative
3326,neutral
3327,neutral
3328,neutral
3329,positive
3330,positive
3331,neutral
3332,positive
3333,neutral
3334,neutral
3335,positive
3336,positive
3337,neutral
3338,positive
3339,neutral
3340,neutral
3341,positive
3342,positive
3343,neutral
3344,neutral
3345,neutral
3346,positive
3347,positive
3348,neutral
3349,neutral
3350,neutral
3351,neutral
3352,negative
3353,positive
3354,neutral
3355,positive
3356,neutral
3357,neutral
3358,neutral
3359,positive
3360,positive
3361,neutral
3362,neutral
3363,negative
3364,positive
3365,positive
3366,positive
3367,positive
3368,neutral
3369,positive
3370,negative
3371,neutral
3372,neutral
3373,neutral
3374,positive
3375,neutral
3376,neutral
3377,neutral
3378,neutral
3379,negative
3380,negative
3381,positive
3382,positive
3383,neutral
3384,negative
3385,positive
3386,positive
3387,positive
3388,positive
3389,neutral
3390,neutral
3391,neutral
3392,neutral
3393,negative
3394,positive
3395,positive
3396,positive
3397,neutral
3398,positive
3399,neutral
3400,neutral
3401,neutral
3402,positive
3403,neutral
3404,neutral
3405,negative
3406,neutral
3407,positive
3408,neutral
3409,neutral
3410,neutral
3411,positive
3412,neutral
3413,neutral
3414,neutral
3415,positive
3416,positive
3417,positive
3418,positive
3419,neutral
3420,positive
3421,neutral
3422,negative
3423,negative
3424,neutral
3425,neutral
3426,neutral
3427,positive
3428,neutral
3429,neutral
3430,neutral
3431,neutral
3432,neutral
3433,neutral
3434,neutral
3435,positive
3436,negative
3437,neutral
3438,negative
3439,positive
3440,neutral
3441,neutral
3442,positive
3443,neutral
3444,positive
3445,neutral
3446,neutral
3447,neutral
3448,neutral
3449,neutral
3450,positive
3451,positive
3452,neutral
3453,neutral
3454,positive
3455,neutral
3456,neutral
3457,positive
3458,neutral
3459,positive
3460,neutral
3461,negative
3462,positive
3463,neutral
3464,positive
3465,positive
3466,neutral
3467,neutral
3468,positive
3469,neutral
3470,positive
3471,positive
3472,neutral
3473,positive
3474,positive
3475,neutral
3476,neutral
3477,neutral
3478,negative
3479,positive
3480,positive
3481,neutral
3482,positive
3483,positive
3484,positive
3485,positive
3486,neutral
3487,negative
3488,positive
3489,positive
3490,neutral
3491,positive
3492,neutral
3493,neutral
3494,neutral
3495,neutral
3496,positive
3497,neutral
3498,negative
3499,neutral
3500,negative
3501,positive
3502,negative
3503,negative
3504,positive
3505,positive
3506,neutral
3507,neutral
3508,positive
3509,neutral
3510,neutral
3511,neutral
3512,neutral
3513,negative
3514,negative
3515,positive
3516,negative
3517,positive
3518,negative
3519,neutral
3520,neutral
3521,neutral
3522,neutral
3523,neutral
3524,neutral
3525,positive
3526,neutral
3527,neutral
3528,neutral
3529,negative
3530,neutral
3531,neutral
3532,negative
3533,negative
3534,positive
3535,negative
3536,positive
3537,positive
3538,positive
3539,neutral
3540,positive
3541,positive
3542,neutral
3543,positive
3544,negative
3545,neutral
3546,positive
3547,neutral
3548,positive
3549,positive
3550,neutral
3551,neutral
3552,neutral
3553,negative
3554,neutral
3555,neutral
3556,positive
3557,positive
3558,positive
3559,neutral
3560,positive
3561,positive
3562,positive
3563,positive
3564,neutral
3565,positive
3566,positive
3567,neutral
3568,neutral
3569,positive
3570,neutral
3571,neutral
3572,positive
3573,positive
3574,neutral
3575,positive
3576,neutral
3577,positive
3578,neutral
3579,neutral
3580,neutral
3581,neutral
3582,positive
3583,positive
3584,negative
3585,positive
3586,neutral
3587,negative
3588,neutral
3589,positive
3590,positive
3591,negative
3592,positive
3593,neutral
3594,negative
3595,neutral
3596,neutral
3597,positive
3598,positive
3599,neutral
3600,negative
3601,positive
3602,neutral
3603,neutral
3604,neutral
3605,positive
3606,neutral
3607,positive
3608,neutral
3609,positive
3610,positive
3611,positive
3612,neutral
3613,positive
3614,negative
3615,neutral
3616,neutral
3617,positive
3618,positive
3619,neutral
3620,neutral
3621,negative
3622,neutral
3623,positive
3624,neutral
3625,positive
3626,neutral
3627,neutral
3628,positive
3629,neutral
3630,neutral
3631,neutral
3632,negative
3633,neutral
3634,neutral
3635,neutral
3636,neutral
3637,neutral
3638,neutral
3639,positive
3640,neutral
3641,positive
3642,positive
3643,negative
3644,positive
3645,neutral
3646,positive
3647,neutral
3648,neutral
3649,neutral
3650,neutral
3651,positive
3652,neutral
3653,positive
3654,neutral
3655,neutral
3656,neutral
3657,positive
3658,neutral
3659,neutral
3660,neutral
3661,neutral
3662,positive
3663,positive
3664,neutral
3665,neutral
3666,positive
3667,negative
3668,neutral
3669,positive
3670,positive
3671,positive
3672,positive
3673,neutral
3674,neutral
3675,positive
3676,positive
3677,neutral
3678,neutral
3679,neutral
3680,negative
3681,neutral
3682,positive
3683,negative
3684,positive
3685,neutral
3686,neutral
3687,neutral
3688,positive
3689,negative
3690,positive
3691,negative
3692,negative
3693,neutral
3694,positive
3695,neutral
3696,positive
3697,neutral
3698,positive
3699,positive
3700,negative
3701,positive
3702,positive
3703,positive
3704,neutral
3705,positive
3706,neutral
3707,negative
3708,neutral
3709,negative
3710,positive
3711,positive
3712,positive
3713,neutral
3714,positive
3715,neutral
3716,positive
3717,neutral
3718,neutral
3719,neutral
3720,neutral
3721,positive
3722,positive
3723,neutral
3724,neutral
3725,neutral
3726,neutral
3727,neutral
3728,positive
3729,negative
3730,neutral
3731,negative
3732,neutral
3733,positive
3734,neutral
3735,neutral
3736,positive
3737,negative
3738,neutral
3739,neutral
3740,positive
3741,neutral
3742,positive
3743,positive
3744,negative
3745,neutral
3746,negative
3747,positive
3748,neutral
3749,positive
3750,positive
3751,neutral
3752,positive
3753,neutral
3754,negative
3755,neutral
3756,negative
3757,neutral
3758,neutral
3759,neutral
3760,negative
3761,positive
3762,neutral
3763,neutral
3764,neutral
3765,neutral
3766,neutral
3767,neutral
3768,neutral
3769,neutral
3770,neutral
3771,positive
3772,neutral
3773,negative
3774,negative
3775,positive
3776,positive
3777,positive
3778,positive
3779,negative
3780,positive
3781,positive
3782,neutral
3783,positive
3784,positive
3785,negative
3786,positive
3787,neutral
3788,neutral
3789,positive
3790,neutral
3791,neutral
3792,negative
3793,neutral
3794,neutral
3795,neutral
3796,neutral
3797,positive
3798,positive
3799,neutral
3800,negative
3801,neutral
3802,positive
3803,positive
3804,neutral
3805,positive
3806,positive
3807,neutral
3808,negative
3809,negative
3810,neutral
3811,positive
3812,positive
3813,positive
3814,neutral
3815,negative
3816,neutral
3817,negative
3818,positive
3819,neutral
3820,positive
3821,neutral
3822,neutral
3823,neutral
3824,negative
3825,negative
3826,positive
3827,positive
3828,positive
3829,positive
3830,positive
3831,positive
3832,positive
3833,positive
3834,neutral
3835,neutral
3836,neutral
3837,neutral
3838,positive
3839,positive
3840,neutral
3841,positive
3842,negative
3843,neutral
3844,neutral
3845,neutral
3846,positive
3847,neutral
3848,positive
3849,negative
3850,positive
3851,neutral
3852,negative
3853,neutral
3854,neutral
3855,positive
3856,neutral
3857,neutral
3858,positive
3859,neutral
3860,positive
3861,negative
3862,neutral
3863,neutral
3864,positive
3865,positive
3866,neutral
3867,positive
3868,negative
3869,negative
3870,positive
3871,neutral
3872,neutral
3873,neutral
3874,positive
3875,negative
3876,neutral
3877,negative
3878,positive
3879,neutral
3880,neutral
3881,neutral
3882,positive
3883,neutral
3884,neutral
3885,neutral
3886,positive
3887,positive
3888,negative
3889,negative
3890,positive
3891,neutral
3892,neutral
3893,neutral
3894,positive
3895,neutral
3896,neutral
3897,negative
3898,neutral
3899,positive
3900,neutral
3901,positive
3902,negative
3903,neutral
3904,neutral
3905,neutral
3906,positive
3907,neutral
3908,negative
3909,neutral
3910,neutral
3911,neutral
3912,negative
3913,neutral
3914,neutral
3915,neutral
3916,neutral
3917,neutral
3918,neutral
3919,positive
3920,positive
3921,neutral
3922,positive
3923,neutral
3924,neutral
3925,neutral
3926,negative
3927,negative
3928,positive
3929,neutral
3930,neutral
3931,positive
3932,positive
3933,neutral
3934,neutral
3935,positive
3936,positive
3937,neutral
3938,neutral
3939,neutral
3940,negative
3941,neutral
3942,positive
3943,neutral
3944,neutral
3945,positive
3946,negative
3947,positive
3948,positive
3949,positive
3950,positive
3951,neutral
3952,negative
3953,positive
3954,negative
3955,positive
3956,neutral
3957,neutral
3958,neutral
3959,positive
3960,positive
3961,positive
3962,negative
3963,negative
3964,neutral
3965,positive
3966,positive
3967,neutral
3968,positive
3969,neutral
3970,neutral
3971,positive
3972,positive
3973,neutral
3974,negative
3975,neutral
3976,neutral
3977,neutral
3978,neutral
3979,neutral
3980,neutral
3981,negative
3982,negative
3983,positive
3984,neutral
3985,negative
3986,neutral
3987,neutral
3988,positive
3989,positive
3990,neutral
3991,neutral
3992,neutral
3993,positive
3994,positive
3995,neutral
3996,neutral
3997,neutral
3998,positive
3999,positive
4000,positive
4001,negative
4002,neutral
4003,neutral
4004,positive
4005,neutral
4006,neutral
4007,neutral
4008,positive
4009,neutral
4010,negative
4011,negative
4012,negative
4013,neutral
4014,positive
4015,positive
4016,neutral
4017,positive
4018,neutral
4019,neutral
4020,positive
4021,positive
4022,negative
4023,neutral
4024,neutral
4025,neutral
4026,neutral
4027,neutral
4028,positive
4029,negative
4030,positive
4031,neutral
4032,neutral
4033,neutral
4034,positive
4035,negative
4036,neutral
4037,positive
4038,neutral
4039,positive
4040,positive
4041,positive
4042,positive
4043,neutral
4044,neutral
4045,positive
4046,neutral
4047,neutral
4048,neutral
4049,neutral
4050,positive
4051,neutral
4052,neutral
4053,positive
4054,positive
4055,neutral
4056,neutral
4057,neutral
4058,positive
4059,negative
4060,positive
4061,neutral
4062,neutral
4063,neutral
4064,negative
4065,negative
4066,negative
4067,neutral
4068,neutral
4069,neutral
4070,positive
4071,positive
4072,neutral
4073,negative
4074,neutral
4075,neutral
4076,positive
4077,positive
4078,positive
4079,positive
4080,neutral
4081,neutral
4082,neutral
4083,negative
4084,neutral
4085,positive
4086,neutral
4087,negative
4088,negative
4089,neutral
4090,negative
4091,negative
4092,positive
4093,neutral
4094,neutral
4095,positive
4096,neutral
4097,neutral
4098,neutral
4099,neutral
4100,positive
4101,positive
4102,negative
4103,positive
4104,negative
4105,neutral
4106,neutral
4107,neutral
4108,neutral
4109,neutral
4110,positive
4111,negative
4112,neutral
4113,positive
4114,positive
4115,neutral
4116,neutral
4117,neutral
4118,neutral
4119,positive
4120,neutral
4121,neutral
4122,negative
4123,negative
4124,positive
4125,negative
4126,neutral
4127,neutral
4128,negative
4129,positive
4130,neutral
4131,neutral
4132,positive
4133,neutral
4134,positive
4135,neutral
4136,neutral
4137,neutral
4138,neutral
4139,positive
4140,neutral
4141,neutral
4142,neutral
4143,neutral
4144,neutral
4145,neutral
4146,neutral
4147,negative
4148,positive
4149,positive
4150,positive
4151,neutral
4152,negative
4153,positive
4154,neutral
4155,negative
4156,neutral
4157,positive
4158,neutral
4159,negative
4160,positive
4161,positive
4162,positive
4163,positive
4164,positive
4165,neutral
4166,neutral
4167,neutral
4168,positive
4169,neutral
4170,neutral
4171,neutral
4172,positive
4173,neutral
4174,neutral
4175,positive
4176,positive
4177,positive
4178,positive
4179,neutral
4180,neutral
4181,positive
4182,positive
4183,positive
4184,negative
4185,neutral
4186,neutral
4187,neutral
4188,neutral
4189,positive
4190,negative
4191,neutral
4192,neutral
4193,positive
4194,neutral
4195,neutral
4196,positive
4197,neutral
4198,neutral
4199,positive
4200,neutral
4201,positive
4202,positive
4203,positive
4204,positive
4205,positive
4206,neutral
4207,positive
4208,neutral
4209,neutral
4210,positive
4211,positive
4212,neutral
4213,positive
4214,neutral
4215,positive
4216,positive
4217,neutral
4218,positive
4219,neutral
4220,neutral
4221,neutral
4222,negative
4223,neutral
4224,negative
4225,positive
4226,neutral
4227,positive
4228,negative
4229,negative
4230,neutral
4231,positive
4232,positive
4233,negative
4234,positive
4235,positive
4236,positive
4237,neutral
4238,neutral
4239,neutral
4240,neutral
4241,negative
4242,positive
4243,neutral
4244,neutral
4245,neutral
4246,positive
4247,neutral
4248,neutral
4249,neutral
4250,neutral
4251,positive
4252,neutral
4253,neutral
4254,neutral
4255,neutral
4256,positive
4257,neutral
4258,positive
4259,positive
4260,neutral
4261,neutral
4262,neutral
4263,positive
4264,neutral
4265,neutral
4266,negative
4267,negative
4268,positive
4269,negative
4270,neutral
4271,positive
4272,positive
4273,neutral
4274,neutral
4275,neutral
4276,positive
4277,neutral
4278,positive
4279,neutral
4280,positive
4281,neutral
4282,neutral
4283,neutral
4284,positive
4285,positive
4286,neutral
4287,neutral
4288,neutral
4289,positive
4290,negative
4291,negative
4292,neutral
4293,neutral
4294,positive
4295,neutral
4296,positive
4297,negative
4298,negative
4299,neutral
4300,positive
4301,neutral
4302,neutral
4303,neutral
4304,positive
4305,positive
4306,positive
4307,negative
4308,neutral
4309,positive
4310,neutral
4311,neutral
4312,positive
4313,neutral
4314,neutral
4315,positive
4316,neutral
4317,neutral
4318,neutral
4319,neutral
4320,neutral
4321,neutral
4322,negative
4323,neutral
4324,negative
4325,negative
4326,neutral
4327,positive
4328,negative
4329,positive
4330,neutral
4331,neutral
4332,positive
4333,negative
4334,positive
4335,neutral
4336,negative
4337,positive
4338,positive
4339,neutral
4340,neutral
4341,positive
4342,neutral
4343,neutral
4344,neutral
4345,neutral
4346,positive
4347,positive
4348,positive
4349,neutral
4350,neutral
4351,neutral
4352,negative
4353,positive
4354,positive
4355,neutral
4356,positive
4357,neutral
4358,neutral
4359,neutral
4360,negative
4361,neutral
4362,negative
4363,neutral
4364,positive
4365,neutral
4366,negative
4367,positive
4368,neutral
4369,positive
4370,neutral
4371,positive
4372,neutral
4373,positive
4374,neutral
4375,neutral
4376,neutral
4377,neutral
4378,neutral
4379,positive
4380,neutral
4381,neutral
4382,neutral
4383,neutral
4384,neutral
4385,neutral
4386,neutral
4387,positive
4388,neutral
4389,neutral
4390,neutral
4391,positive
4392,positive
4393,neutral
4394,positive
4395,positive
4396,positive
4397,neutral
4398,neutral
4399,neutral
4400,positive
4401,neutral
4402,neutral
4403,neutral
4404,neutral
4405,positive
4406,neutral
4407,negative
4408,positive
4409,neutral
4410,neutral
4411,negative
4412,neutral
4413,negative
4414,negative
4415,neutral
4416,neutral
4417,positive
4418,neutral
4419,neutral
4420,neutral
4421,neutral
4422,neutral
4423,neutral
4424,neutral
4425,neutral
4426,neutral
4427,positive
4428,neutral
4429,neutral
4430,neutral
4431,neutral
4432,negative
4433,neutral
4434,neutral
4435,neutral
4436,positive
4437,neutral
4438,neutral
4439,negative
4440,neutral
4441,neutral
4442,negative
4443,positive
4444,neutral
4445,positive
4446,neutral
4447,positive
4448,negative
4449,positive
4450,negative
4451,positive
4452,positive
4453,negative
4454,positive
4455,neutral
4456,positive
4457,neutral
4458,positive
4459,neutral
4460,neutral
4461,neutral
4462,neutral
4463,negative
4464,neutral
4465,neutral
4466,positive
4467,positive
4468,neutral
4469,neutral
4470,negative
4471,neutral
4472,neutral
4473,neutral
4474,positive
4475,neutral
4476,negative
4477,neutral
4478,neutral
4479,positive
4480,positive
4481,neutral
4482,neutral
4483,positive
4484,positive
4485,neutral
4486,neutral
4487,positive
4488,negative
4489,neutral
4490,positive
4491,positive
4492,positive
4493,neutral
4494,positive
4495,positive
4496,neutral
4497,neutral
4498,positive
4499,neutral
4500,negative
4501,positive
4502,neutral
4503,neutral
4504,neutral
4505,neutral
4506,positive
4507,neutral
4508,positive
4509,neutral
4510,positive
4511,neutral
4512,positive
4513,negative
4514,negative
4515,neutral
4516,neutral
4517,positive
4518,positive
4519,positive
4520,neutral
4521,positive
4522,neutral
4523,neutral
4524,negative
4525,neutral
4526,negative
4527,positive
4528,neutral
4529,positive
4530,neutral
4531,neutral
4532,neutral
4533,neutral
4534,neutral
4535,positive
4536,neutral
4537,positive
4538,neutral
4539,positive
4540,positive
4541,negative
4542,neutral
4543,negative
4544,neutral
4545,negative
4546,neutral
4547,neutral
4548,neutral
4549,positive
4550,positive
4551,neutral
4552,positive
4553,neutral
4554,positive
4555,neutral
4556,neutral
4557,neutral
4558,positive
4559,positive
4560,positive
4561,neutral
4562,neutral
4563,neutral
4564,positive
4565,positive
4566,neutral
4567,neutral
4568,positive
4569,neutral
4570,neutral
4571,positive
4572,negative
4573,positive
4574,positive
4575,neutral
4576,negative
4577,neutral
4578,negative
4579,positive
4580,positive
4581,positive
4582,neutral
4583,positive
4584,neutral
4585,neutral
4586,neutral
4587,neutral
4588,neutral
4589,neutral
4590,neutral
4591,negative
4592,neutral
4593,positive
4594,positive
4595,positive
4596,positive
4597,neutral
4598,negative
4599,positive
4600,neutral
4601,neutral
4602,neutral
4603,positive
4604,neutral
4605,neutral
4606,positive
4607,neutral
4608,neutral
4609,neutral
4610,positive
4611,positive
4612,positive
4613,neutral
4614,negative
4615,positive
4616,negative
4617,neutral
4618,positive
4619,neutral
4620,neutral
4621,positive
4622,positive
4623,neutral
4624,positive
4625,neutral
4626,neutral
4627,positive
4628,positive
4629,positive
4630,positive
4631,negative
4632,positive
4633,neutral
4634,negative
4635,neutral
4636,positive
4637,neutral
4638,positive
4639,positive
4640,positive
4641,neutral
4642,neutral
4643,neutral
4644,positive
4645,neutral
4646,neutral
4647,neutral
4648,positive
4649,neutral
4650,positive
4651,neutral
4652,positive
4653,neutral
4654,negative
4655,positive
4656,positive
4657,neutral
4658,neutral
4659,positive
4660,neutral
4661,neutral
4662,negative
4663,positive
4664,neutral
4665,neutral
4666,neutral
4667,neutral
4668,neutral
4669,neutral
4670,neutral
4671,positive
4672,positive
4673,neutral
4674,neutral
4675,neutral
4676,positive
4677,positive
4678,positive
4679,positive
4680,negative
4681,neutral
4682,positive
4683,positive
4684,negative
4685,negative
4686,positive
4687,neutral
4688,neutral
4689,positive
4690,negative
4691,positive
4692,negative
4693,positive
4694,neutral
4695,negative
4696,positive
4697,neutral
4698,positive
4699,neutral
4700,negative
4701,neutral
4702,positive
4703,positive
4704,neutral
4705,neutral
4706,neutral
4707,neutral
4708,neutral
4709,negative
4710,neutral
4711,neutral
4712,neutral
4713,neutral
4714,neutral
4715,neutral
4716,neutral
4717,positive
4718,positive
4719,negative
4720,positive
4721,neutral
4722,positive
4723,negative
4724,neutral
4725,neutral
4726,neutral
4727,neutral
4728,neutral
4729,positive
4730,neutral
4731,neutral
4732,neutral
4733,neutral
4734,neutral
4735,neutral
4736,negative
4737,neutral
4738,neutral
4739,positive
4740,positive
4741,neutral
4742,neutral
4743,positive
4744,neutral
4745,positive
4746,neutral
4747,neutral
4748,positive
4749,neutral
4750,positive
4751,neutral
4752,neutral
4753,positive
4754,positive
4755,positive
4756,neutral
4757,positive
4758,neutral
4759,positive
4760,positive
4761,negative
4762,negative
4763,positive
4764,neutral
4765,neutral
4766,neutral
4767,neutral
4768,positive
4769,neutral
4770,neutral
4771,positive
4772,positive
4773,positive
4774,negative
4775,positive
4776,positive
4777,positive
4778,positive
4779,neutral
4780,positive
4781,positive
4782,negative
4783,negative
4784,neutral
4785,positive
4786,positive
4787,negative
4788,neutral
4789,neutral
4790,negative
4791,positive
4792,positive
4793,neutral
4794,neutral
4795,negative
4796,neutral
4797,neutral
4798,negative
4799,neutral
4800,neutral
4801,positive
4802,neutral
4803,neutral
4804,neutral
4805,neutral
4806,positive
4807,neutral
4808,neutral
4809,neutral
4810,positive
4811,positive
4812,neutral
4813,neutral
4814,neutral
4815,neutral
4816,negative
4817,positive
4818,negative
4819,positive
4820,neutral
4821,positive
4822,neutral
4823,neutral
4824,negative
4825,neutral
4826,neutral
4827,neutral
4828,positive
4829,positive
4830,neutral
4831,negative
4832,neutral
4833,neutral
4834,neutral
4835,positive
4836,positive
4837,negative
4838,positive
4839,neutral
4840,neutral
4841,neutral
4842,neutral
4843,neutral
4844,positive
4845,positive
4846,neutral
4847,neutral
4848,negative
4849,neutral
4850,positive
